USE real_estate;
INSERT INTO Owners (name, email, phone, address) VALUES
('John Doe', 'johndoe@example.com', '1234567890', '123 Main St, New York, NY'),
('Jane Smith', 'janesmith@example.com', '2345678901', '456 Oak St, Los Angeles, CA'),
('Michael Johnson', 'michaelj@example.com', '3456789012', '789 Pine St, Chicago, IL'),
('Emily Davis', 'emilyd@example.com', '4567890123', '101 Maple Ave, Houston, TX'),
('Robert Brown', 'robertb@example.com', '5678901234', '202 Elm St, Phoenix, AZ'),
('Sarah Wilson', 'sarahw@example.com', '6789012345', '303 Cedar Rd, Philadelphia, PA'),
('David Miller', 'davidm@example.com', '7890123456', '404 Birch Dr, San Antonio, TX'),
('Jessica Moore', 'jessicam@example.com', '8901234567', '505 Walnut Ln, San Diego, CA'),
('James Taylor', 'jamest@example.com', '9012345678', '606 Ash St, Dallas, TX'),
('Elizabeth Anderson', 'elizabetha@example.com', '0123456789', '707 Chestnut Blvd, San Jose, CA'),
('Daniel Thomas', 'danielt@example.com', '1234509876', '808 Redwood Ave, Austin, TX'),
('Laura Martinez', 'lauram@example.com', '2345610987', '909 Willow Ct, Jacksonville, FL'),
('Matthew White', 'mattheww@example.com', '3456721098', '111 Magnolia Rd, Fort Worth, TX'),
('Olivia Harris', 'oliviah@example.com', '4567832109', '222 Sycamore St, Columbus, OH'),
('Christopher Martin', 'chrism@example.com', '5678943210', '333 Spruce Ave, Charlotte, NC'),
('Sophia Thompson', 'sophiat@example.com', '6789054321', '444 Cypress Ln, Indianapolis, IN'),
('William Lee', 'williaml@example.com', '7890165432', '555 Aspen Blvd, Seattle, WA'),
('Emma Walker', 'emmaw@example.com', '8901276543', '666 Dogwood St, Denver, CO'),
('Alexander Hall', 'alexh@example.com', '9012387654', '777 Hickory Ct, Washington, DC'),
('Ava Allen', 'avaa@example.com', '0123498765', '888 Cottonwood Dr, Boston, MA'),
('Benjamin Young', 'benjaminy@example.com', '1234509871', '999 Alder Ln, El Paso, TX'),
('Mia King', 'miak@example.com', '2345610982', '1001 Beech St, Nashville, TN'),
('Ethan Wright', 'ethanw@example.com', '3456721093', '1102 Chestnut Ct, Detroit, MI'),
('Charlotte Scott', 'charlottes@example.com', '4567832104', '1203 Fir Blvd, Memphis, TN'),
('Daniel Baker', 'danielb@example.com', '5678943215', '1304 Juniper St, Louisville, KY'),
('Isabella Adams', 'isabella@example.com', '6789054326', '1405 Locust Rd, Baltimore, MD'),
('Liam Nelson', 'liamn@example.com', '7890165437', '1506 Maplewood Ave, Milwaukee, WI'),
('Mason Carter', 'masonc@example.com', '8901276548', '1607 Palm Ct, Albuquerque, NM'),
('Harper Perez', 'harperp@example.com', '9012387659', '1708 Poplar Blvd, Tucson, AZ'),
('Noah Stewart', 'noahs@example.com', '0123498760', '1809 Redwood Dr, Fresno, CA');




INSERT INTO Locations (city, state, zipcode, country) VALUES
('New York', 'NY', '10001', 'USA'),
('Los Angeles', 'CA', '90001', 'USA'),
('Chicago', 'IL', '60601', 'USA'),
('Houston', 'TX', '77001', 'USA'),
('Phoenix', 'AZ', '85001', 'USA'),
('Philadelphia', 'PA', '19101', 'USA'),
('San Antonio', 'TX', '78201', 'USA'),
('San Diego', 'CA', '92101', 'USA'),
('Dallas', 'TX', '75201', 'USA'),
('San Jose', 'CA', '95101', 'USA'),
('Austin', 'TX', '73301', 'USA'),
('Jacksonville', 'FL', '32201', 'USA'),
('Fort Worth', 'TX', '76101', 'USA'),
('Columbus', 'OH', '43201', 'USA'),
('Charlotte', 'NC', '28201', 'USA'),
('Indianapolis', 'IN', '46201', 'USA'),
('Seattle', 'WA', '98101', 'USA'),
('Denver', 'CO', '80201', 'USA'),
('Washington', 'DC', '20001', 'USA'),
('Boston', 'MA', '02101', 'USA'),
('El Paso', 'TX', '79901', 'USA'),
('Nashville', 'TN', '37201', 'USA'),
('Detroit', 'MI', '48201', 'USA'),
('Memphis', 'TN', '38101', 'USA'),
('Louisville', 'KY', '40201', 'USA'),
('Baltimore', 'MD', '21201', 'USA'),
('Milwaukee', 'WI', '53201', 'USA'),
('Albuquerque', 'NM', '87101', 'USA'),
('Tucson', 'AZ', '85701', 'USA'),
('Fresno', 'CA', '93701', 'USA');



INSERT INTO Properties (owner_id, location_id, property_type, size, price, status) VALUES
(1, 1, 'Apartment', 1200.50, 450000.00, 'Available'),
(2, 2, 'House', 2500.75, 750000.00, 'Sold'),
(3, 3, 'Condo', 900.00, 320000.00, 'Rented'),
(4, 4, 'Land', 5000.00, 150000.00, 'Available'),
(5, 5, 'Commercial', 3500.25, 950000.00, 'Available'),
(6, 6, 'Apartment', 1100.00, 400000.00, 'Sold'),
(7, 7, 'House', 2700.60, 800000.00, 'Rented'),
(8, 8, 'Condo', 950.00, 330000.00, 'Available'),
(9, 9, 'Land', 7000.00, 200000.00, 'Available'),
(10, 10, 'Commercial', 4500.00, 1200000.00, 'Sold'),
(11, 11, 'Apartment', 1300.40, 470000.00, 'Available'),
(12, 12, 'House', 3000.00, 900000.00, 'Rented'),
(13, 13, 'Condo', 1100.20, 350000.00, 'Available'),
(14, 14, 'Land', 6500.00, 175000.00, 'Available'),
(15, 15, 'Commercial', 5000.00, 1300000.00, 'Sold'),
(16, 16, 'Apartment', 1400.50, 500000.00, 'Rented'),
(17, 17, 'House', 3200.75, 950000.00, 'Available'),
(18, 18, 'Condo', 1250.00, 375000.00, 'Sold'),
(19, 19, 'Land', 8000.00, 225000.00, 'Available'),
(20, 20, 'Commercial', 5500.00, 1400000.00, 'Rented'),
(21, 21, 'Apartment', 1600.30, 520000.00, 'Available'),
(22, 22, 'House', 3500.50, 1000000.00, 'Sold'),
(23, 23, 'Condo', 1300.00, 390000.00, 'Rented'),
(24, 24, 'Land', 9000.00, 250000.00, 'Available'),
(25, 25, 'Commercial', 6000.00, 1500000.00, 'Sold'),
(26, 26, 'Apartment', 1800.40, 550000.00, 'Available'),
(27, 27, 'House', 4000.00, 1100000.00, 'Rented'),
(28, 28, 'Condo', 1450.50, 420000.00, 'Sold'),
(29, 29, 'Land', 10000.00, 275000.00, 'Available'),
(30, 30, 'Commercial', 6500.00, 1600000.00, 'Available');

INSERT INTO Agencies (name) VALUES
('Prime Realty'),
('Elite Homes'),
('Urban Nest'),
('Sunset Properties'),
('Blue Sky Realty'),
('Metro Real Estate'),
('Summit Realty Group'),
('Pinnacle Properties'),
('Golden Gate Realty'),
('Horizon Homes'),
('Lakeside Realty'),
('Everest Properties'),
('Skyline Realty'),
('Greenfield Estates'),
('Capital City Realty');

INSERT INTO Agents (name, email, phone) VALUES
('John Adams', 'johnadams@example.com', '1234567890'),
('Sarah Lee', 'sarahlee@example.com', '2345678901'),
('Michael Williams', 'michaelw@example.com', '3456789012'),
('Emma Johnson', 'emmajohnson@example.com', '4567890123'),
('David Harris', 'davidharris@example.com', '5678901234'),
('Sophia Clark', 'sophiac@example.com', '6789012345'),
('James Walker', 'jamesw@example.com', '7890123456'),
('Olivia Thompson', 'oliviat@example.com', '8901234567'),
('Benjamin Moore', 'benjaminm@example.com', '9012345678'),
('Isabella White', 'isabellaw@example.com', '0123456789'),
('William Young', 'williamy@example.com', '1234509876'),
('Charlotte Davis', 'charlotted@example.com', '2345610987'),
('Daniel Miller', 'danielm@example.com', '3456721098'),
('Emma Robinson', 'emmar@example.com', '4567832109'),
('Liam Walker', 'liamw@example.com', '5678943210'),
('Ava Martinez', 'avam@example.com', '6789054321'),
('Ethan Lewis', 'ethanl@example.com', '7890165432'),
('Sophia Allen', 'sophiaa@example.com', '8901276543'),
('Mason Carter', 'masonc@example.com', '9012387654'),
('Noah Harris', 'noahh@example.com', '0123498765'),
('Lily Green', 'lilyg@example.com', '1234509871'),
('Lucas King', 'lucask@example.com', '2345610982'),
('Zoe Scott', 'zoes@example.com', '3456721093'),
('Max Nelson', 'maxn@example.com', '4567832104'),
('Sophie Lee', 'sophiel@example.com', '5678943215');

INSERT INTO Listings (property_id, agent_id, listing_date, expiration_date) VALUES
(1, 1, '2025-01-15', '2025-04-15'),
(2, 2, '2025-02-10', '2025-05-10'),
(3, 3, '2025-03-01', '2025-06-01'),
(4, 4, '2025-03-05', '2025-06-05'),
(5, 5, '2025-01-20', '2025-04-20'),
(6, 6, '2025-02-25', '2025-05-25'),
(7, 7, '2025-03-10', '2025-06-10'),
(8, 8, '2025-02-01', '2025-05-01'),
(9, 9, '2025-03-15', '2025-06-15'),
(10, 10, '2025-01-25', '2025-04-25'),
(11, 11, '2025-03-20', '2025-06-20'),
(12, 12, '2025-02-18', '2025-05-18'),
(13, 13, '2025-03-12', '2025-06-12'),
(14, 14, '2025-01-30', '2025-04-30'),
(15, 15, '2025-02-05', '2025-05-05'),
(16, 16, '2025-03-03', '2025-06-03'),
(17, 17, '2025-01-10', '2025-04-10'),
(18, 18, '2025-02-15', '2025-05-15'),
(19, 19, '2025-03-08', '2025-06-08'),
(20, 20, '2025-02-22', '2025-05-22'),
(21, 21, '2025-01-28', '2025-04-28'),
(22, 22, '2025-03-18', '2025-06-18'),
(23, 23, '2025-02-12', '2025-05-12'),
(24, 24, '2025-03-25', '2025-06-25'),
(25, 25, '2025-02-07', '2025-05-07'),
(26, 2, '2025-03-02', '2025-06-02'),
(27, 7, '2025-01-18', '2025-04-18'),
(28, 8, '2025-01-30', '2025-04-30'),
(29, 2, '2025-02-05', '2025-05-05'),
(30, 3, '2025-03-03', '2025-06-03');


INSERT INTO Buyers (name, email, phone) VALUES
('Liam Johnson', 'liamj@example.com', '1234567890'),
('Emma Wilson', 'emmaw@example.com', '2345678901'),
('Noah Brown', 'noahb@example.com', '3456789012'),
('Olivia Martinez', 'oliviam@example.com', '4567890123'),
('William Davis', 'williamd@example.com', '5678901234'),
('Sophia Anderson', 'sophiaa@example.com', '6789012345'),
('James Thomas', 'jamest@example.com', '7890123456'),
('Isabella White', 'isabellaw@example.com', '8901234567'),
('Benjamin Harris', 'benjaminh@example.com', '9012345678'),
('Mia Clark', 'miac@example.com', '0123456789'),
('Ethan Rodriguez', 'ethanr@example.com', '1234509876'),
('Charlotte Lewis', 'charlottel@example.com', '2345610987'),
('Alexander Walker', 'alexw@example.com', '3456721098'),
('Amelia Scott', 'amelias@example.com', '4567832109'),
('Lucas Green', 'lucasg@example.com', '5678943210'),
('Harper Adams', 'harpera@example.com', '6789054321'),
('Mason Nelson', 'masonn@example.com', '7890165432'),
('Evelyn Carter', 'evelync@example.com', '8901276543'),
('Henry Perez', 'henryp@example.com', '9012387654'),
('Abigail Stewart', 'abigails@example.com', '0123498765');



INSERT INTO Transactions (property_id, buyer_id, agent_id, transaction_date, sale_price) VALUES
(2, 1, 5, '2025-01-15', 745000.00),
(6, 2, 10, '2025-01-18', 395000.00),
(12, 3, 15, '2025-02-01', 895000.00),
(18, 4, 20, '2025-02-05', 370000.00),
(22, 5, 3, '2025-02-10', 995000.00),
(25, 6, 8, '2025-02-12', 1495000.00),
(28, 7, 12, '2025-02-15', 415000.00),
(10, 8, 18, '2025-02-18', 1195000.00),
(15, 9, 1, '2025-02-20', 1295000.00),
(30, 10, 7, '2025-02-22', 1595000.00),
(6, 11, 9, '2025-02-24', 398000.00),
(12, 12, 2, '2025-02-26', 899000.00),
(18, 13, 6, '2025-02-28', 372000.00),
(22, 14, 14, '2025-03-01', 997000.00),
(25, 15, 19, '2025-03-02', 1497000.00),
(28, 16, 16, '2025-03-03', 417000.00),
(10, 17, 4, '2025-03-04', 1197000.00),
(15, 18, 11, '2025-03-05', 1297000.00),
(30, 19, 13, '2025-03-06', 1597000.00),
(2, 20, 17, '2025-03-07', 746000.00),
(6, 1, 5, '2025-03-08', 396000.00),
(12, 2, 10, '2025-03-09', 896000.00),
(18, 3, 15, '2025-03-10', 371000.00),
(22, 4, 20, '2025-03-11', 996000.00),
(25, 5, 3, '2025-03-12', 1496000.00),
(28, 6, 8, '2025-03-13', 416000.00),
(10, 7, 12, '2025-03-14', 1196000.00),
(15, 8, 18, '2025-03-15', 1296000.00),
(30, 9, 1, '2025-03-16', 1596000.00),
(2, 10, 7, '2025-03-17', 747000.00),
(6, 11, 9, '2025-03-18', 399000.00),
(12, 12, 2, '2025-03-19', 899000.00),
(18, 13, 6, '2025-03-20', 373000.00),
(22, 14, 14, '2025-03-21', 998000.00),
(25, 15, 19, '2025-03-22', 1498000.00),
(28, 16, 16, '2025-03-23', 418000.00),
(10, 17, 4, '2025-03-24', 1198000.00),
(15, 18, 11, '2025-03-25', 1298000.00),
(30, 19, 13, '2025-03-26', 1598000.00),
(2, 20, 17, '2025-03-27', 748000.00),
(6, 1, 5, '2025-03-28', 397000.00),
(12, 2, 10, '2025-03-29', 897000.00),
(18, 3, 15, '2025-03-30', 374000.00),
(22, 4, 20, '2025-03-31', 999000.00),
(25, 5, 3, '2025-04-01', 1499000.00),
(28, 6, 8, '2025-04-02', 419000.00),
(10, 7, 12, '2025-04-03', 1199000.00),
(15, 8, 18, '2025-04-04', 1299000.00),
(30, 9, 1, '2025-04-05', 1599000.00);

-- INSERT INTO Payments (rental_id, payment_date, amount, method) VALUES
-- (1, '2025-01-05', 1500.00, 'Credit Card'),
-- (2, '2025-02-05', 2500.00, 'Bank Transfer'),
-- (3, '2025-03-10', 1200.00, 'Cash'),
-- (4, '2025-04-15', 1000.00, 'Cheque'),
-- (5, '2025-05-01', 3500.00, 'Credit Card'),
-- (6, '2025-06-01', 1600.00, 'Bank Transfer'),
-- (7, '2025-07-01', 2200.00, 'Cash'),
-- (8, '2025-08-01', 1300.00, 'Cheque'),
-- (9, '2025-09-05', 950.00, 'Credit Card'),
-- (10, '2025-10-01', 2800.00, 'Bank Transfer'),
-- (11, '2025-11-01', 1700.00, 'Cash'),
-- (12, '2025-12-01', 2500.00, 'Cheque'),
-- (13, '2026-01-05', 1350.00, 'Credit Card'),
-- (14, '2026-02-01', 1150.00, 'Bank Transfer'),
-- (15, '2026-03-10', 3200.00, 'Cash'),
-- (16, '2026-04-15', 1850.00, 'Cheque'),
-- (17, '2026-05-01', 2500.00, 'Credit Card'),
-- (18, '2026-06-01', 1400.00, 'Bank Transfer'),
-- (19, '2026-07-01', 900.00, 'Cash'),
-- (20, '2026-08-05', 2700.00, 'Cheque'),
-- (21, '2026-09-01', 1600.00, 'Credit Card'),
-- (22, '2026-10-01', 3000.00, 'Bank Transfer'),
-- (23, '2026-11-01', 1600.00, 'Cash'),
-- (24, '2026-12-01', 1100.00, 'Cheque'),
-- (25, '2027-01-05', 4000.00, 'Credit Card'),
-- (26, '2027-02-01', 1900.00, 'Bank Transfer'),
-- (27, '2027-03-10', 2900.00, 'Cash'),
-- (28, '2027-04-15', 1450.00, 'Cheque'),
-- (29, '2027-05-01', 1200.00, 'Credit Card'),
-- (30, '2027-06-01', 3500.00, 'Bank Transfer'),
-- (1, '2027-07-01', 1500.00, 'Cash'),
-- (2, '2027-08-05', 2500.00, 'Cheque'),
-- (3, '2027-09-01', 1200.00, 'Credit Card'),
-- (4, '2027-10-01', 1000.00, 'Bank Transfer'),
-- (5, '2027-11-01', 3500.00, 'Cash'),
-- (6, '2027-12-01', 1600.00, 'Cheque'),
-- (7, '2028-01-05', 2200.00, 'Credit Card'),
-- (8, '2028-02-01', 1300.00, 'Bank Transfer'),
-- (9, '2028-03-10', 950.00, 'Cash'),
-- (10, '2028-04-15', 2800.00, 'Cheque');

INSERT INTO Tenants (name, email, phone) VALUES
('Alice Williams', 'alicew@example.com', '1234567890'),
('Bob Johnson', 'bobj@example.com', '2345678901'),
('Charlie Brown', 'charlieb@example.com', '3456789012'),
('David White', 'davidw@example.com', '4567890123'),
('Emily Green', 'emilyg@example.com', '5678901234'),
('Frank Black', 'frankb@example.com', '6789012345'),
('Grace Harris', 'graceh@example.com', '7890123456'),
('Hannah Martin', 'hannahm@example.com', '8901234567'),
('Isaac Lee', 'isaacl@example.com', '9012345678'),
('Jack Wilson', 'jackw@example.com', '0123456789'),
('Katherine Scott', 'katherines@example.com', '1234509876'),
('Liam Adams', 'liama@example.com', '2345610987'),
('Megan Davis', 'megand@example.com', '3456721098'),
('Nathan Clark', 'nathanc@example.com', '4567832109'),
('Olivia King', 'oliviak@example.com', '5678943210'),
('Paul Young', 'pauly@example.com', '6789054321'),
('Quinn Perez', 'quinnp@example.com', '7890165432'),
('Rachel Hall', 'rachelh@example.com', '8901276543'),
('Samuel Carter', 'samuelc@example.com', '9012387654'),
('Tina Allen', 'tinaa@example.com', '0123498765'),
('Ursula Thompson', 'ursulat@example.com', '1234509871'),
('Victor Martinez', 'victorm@example.com', '2345610982'),
('Wendy Robinson', 'wendyr@example.com', '3456721093'),
('Xander Lewis', 'xanderl@example.com', '4567832104'),
('Yasmine Walker', 'yasminw@example.com', '5678943215'),
('Zane Green', 'zaneg@example.com', '6789054326'),
('Amelia Cooper', 'ameliac@example.com', '7890165437'),
('Ben Turner', 'bent@example.com', '8901276548'),
('Cathy Adams', 'cathya@example.com', '9012387659'),
('Daniel Stewart', 'daniels@example.com', '0123498760'),
('Elena Thomas', 'elenat@example.com', '1234509872');


INSERT INTO LeaseAgreements (property_id, tenant_id, start_date, end_date, terms) VALUES
(1, 1, '2025-01-01', '2026-01-01', '12-month lease, rent due on the 1st of each month'),
(2, 2, '2025-02-01', '2026-02-01', '12-month lease, rent due on the 5th of each month'),
(3, 3, '2025-03-01', '2026-03-01', '12-month lease, rent due on the 10th of each month'),
(4, 4, '2025-04-01', '2026-04-01', '12-month lease, rent due on the 15th of each month'),
(5, 5, '2025-05-01', '2026-05-01', '12-month lease, rent due on the 1st of each month'),
(6, 6, '2025-06-01', '2026-06-01', '12-month lease, rent due on the 1st of each month'),
(7, 7, '2025-07-01', '2026-07-01', '12-month lease, rent due on the 1st of each month'),
(8, 8, '2025-08-01', '2026-08-01', '12-month lease, rent due on the 1st of each month'),
(9, 9, '2025-09-01', '2026-09-01', '12-month lease, rent due on the 5th of each month'),
(10, 10, '2025-10-01', '2026-10-01', '12-month lease, rent due on the 1st of each month'),
(11, 11, '2025-11-01', '2026-11-01', '12-month lease, rent due on the 1st of each month'),
(12, 12, '2025-12-01', '2026-12-01', '12-month lease, rent due on the 1st of each month'),
(13, 13, '2025-01-01', '2026-01-01', '12-month lease, rent due on the 5th of each month'),
(14, 14, '2025-02-01', '2026-02-01', '12-month lease, rent due on the 1st of each month'),
(15, 15, '2025-03-01', '2026-03-01', '12-month lease, rent due on the 10th of each month'),
(16, 16, '2025-04-01', '2026-04-01', '12-month lease, rent due on the 15th of each month'),
(17, 17, '2025-05-01', '2026-05-01', '12-month lease, rent due on the 1st of each month'),
(18, 18, '2025-06-01', '2026-06-01', '12-month lease, rent due on the 1st of each month'),
(19, 19, '2025-07-01', '2026-07-01', '12-month lease, rent due on the 1st of each month'),
(20, 20, '2025-08-01', '2026-08-01', '12-month lease, rent due on the 5th of each month'),
(21, 21, '2025-09-01', '2026-09-01', '12-month lease, rent due on the 1st of each month'),
(22, 22, '2025-10-01', '2026-10-01', '12-month lease, rent due on the 1st of each month'),
(23, 23, '2025-11-01', '2026-11-01', '12-month lease, rent due on the 5th of each month'),
(24, 24, '2025-12-01', '2026-12-01', '12-month lease, rent due on the 1st of each month'),
(25, 25, '2025-01-01', '2026-01-01', '12-month lease, rent due on the 1st of each month'),
(26, 26, '2025-02-01', '2026-02-01', '12-month lease, rent due on the 5th of each month'),
(27, 27, '2025-03-01', '2026-03-01', '12-month lease, rent due on the 1st of each month'),
(28, 28, '2025-04-01', '2026-04-01', '12-month lease, rent due on the 15th of each month'),
(29, 29, '2025-05-01', '2026-05-01', '12-month lease, rent due on the 1st of each month'),
(30, 30, '2025-06-01', '2026-06-01', '12-month lease, rent due on the 1st of each month');

INSERT INTO Rentals (property_id, lease_id, rent_amount) VALUES
(1, 1, 1500.00),
(2, 2, 2500.00),
(3, 3, 1200.00),
(4, 4, 1000.00),
(5, 5, 3500.00),
(6, 6, 1600.00),
(7, 7, 2200.00),
(8, 8, 1300.00),
(9, 9, 950.00),
(10, 10, 2800.00),
(11, 11, 1700.00),
(12, 12, 2500.00),
(13, 13, 1350.00),
(14, 14, 1150.00),
(15, 15, 3200.00),
(16, 16, 1850.00),
(17, 17, 2500.00),
(18, 18, 1400.00),
(19, 19, 900.00),
(20, 20, 2700.00),
(21, 21, 1600.00),
(22, 22, 3000.00),
(23, 23, 1600.00),
(24, 24, 1100.00),
(25, 25, 4000.00),
(26, 26, 1900.00),
(27, 27, 2900.00),
(28, 28, 1450.00),
(29, 29, 1200.00),
(30, 30, 3500.00);


INSERT INTO Payments (rental_id, payment_date, amount, method) VALUES
(1, '2025-01-05', 1500.00, 'Credit Card'),
(2, '2025-02-05', 2500.00, 'Bank Transfer'),
(3, '2025-03-10', 1200.00, 'Cash'),
(4, '2025-04-15', 1000.00, 'Cheque'),
(5, '2025-05-01', 3500.00, 'Credit Card'),
(6, '2025-06-01', 1600.00, 'Bank Transfer'),
(7, '2025-07-01', 2200.00, 'Cash'),
(8, '2025-08-01', 1300.00, 'Cheque'),
(9, '2025-09-05', 950.00, 'Credit Card'),
(10, '2025-10-01', 2800.00, 'Bank Transfer'),
(11, '2025-11-01', 1700.00, 'Cash'),
(12, '2025-12-01', 2500.00, 'Cheque'),
(13, '2026-01-05', 1350.00, 'Credit Card'),
(14, '2026-02-01', 1150.00, 'Bank Transfer'),
(15, '2026-03-10', 3200.00, 'Cash'),
(16, '2026-04-15', 1850.00, 'Cheque'),
(17, '2026-05-01', 2500.00, 'Credit Card'),
(18, '2026-06-01', 1400.00, 'Bank Transfer'),
(19, '2026-07-01', 900.00, 'Cash'),
(20, '2026-08-05', 2700.00, 'Cheque'),
(21, '2026-09-01', 1600.00, 'Credit Card'),
(22, '2026-10-01', 3000.00, 'Bank Transfer'),
(23, '2026-11-01', 1600.00, 'Cash'),
(24, '2026-12-01', 1100.00, 'Cheque'),
(25, '2027-01-05', 4000.00, 'Credit Card'),
(26, '2027-02-01', 1900.00, 'Bank Transfer'),
(27, '2027-03-10', 2900.00, 'Cash'),
(28, '2027-04-15', 1450.00, 'Cheque'),
(29, '2027-05-01', 1200.00, 'Credit Card'),
(30, '2027-06-01', 3500.00, 'Bank Transfer'),
(1, '2027-07-01', 1500.00, 'Cash'),
(2, '2027-08-05', 2500.00, 'Cheque'),
(3, '2027-09-01', 1200.00, 'Credit Card'),
(4, '2027-10-01', 1000.00, 'Bank Transfer'),
(5, '2027-11-01', 3500.00, 'Cash'),
(6, '2027-12-01', 1600.00, 'Cheque'),
(7, '2028-01-05', 2200.00, 'Credit Card'),
(8, '2028-02-01', 1300.00, 'Bank Transfer'),
(9, '2028-03-10', 950.00, 'Cash'),
(10, '2028-04-15', 2800.00, 'Cheque');


INSERT INTO Inspections (property_id, inspector_name, inspection_date, findings) VALUES
(1, 'John Smith', '2025-01-10', 'Minor plumbing issues found.'),
(2, 'Jane Doe', '2025-02-15', 'Roof needs repair.'),
(3, 'Michael Johnson', '2025-03-20', 'Good condition, no major issues.'),
(4, 'Emily Davis', '2025-04-25', 'Soil testing recommended.'),
(5, 'David Wilson', '2025-05-10', 'Electrical wiring needs upgrade.'),
(6, 'Emma Brown', '2025-06-05', 'Kitchen cabinets need repair.'),
(7, 'Daniel Martinez', '2025-07-15', 'HVAC system requires servicing.'),
(8, 'Olivia Garcia', '2025-08-10', 'Water leakage in basement.'),
(9, 'Matthew Anderson', '2025-09-05', 'Land is in excellent condition.'),
(10, 'Sophia Thomas', '2025-10-12', 'Structural integrity is solid.'),
(11, 'James White', '2025-11-18', 'Pest control treatment recommended.'),
(12, 'Isabella Harris', '2025-12-08', 'No major repairs needed.'),
(13, 'Ethan Clark', '2026-01-20', 'Foundation cracks observed.'),
(14, 'Charlotte Lewis', '2026-02-25', 'Drainage system needs improvement.'),
(15, 'Mason Walker', '2026-03-12', 'Property is well-maintained.'),
(16, 'Amelia Hall', '2026-04-05', 'Minor paint touch-ups required.'),
(17, 'Benjamin Young', '2026-05-10', 'Security system needs upgrade.'),
(18, 'Mia Allen', '2026-06-22', 'No issues found.'),
(19, 'Alexander Scott', '2026-07-15', 'Excellent condition for development.'),
(20, 'Harper Adams', '2026-08-18', 'Plumbing needs minor fixes.'),
(21, 'Elijah Baker', '2026-09-12', 'Electrical panel requires inspection.'),
(22, 'Abigail Nelson', '2026-10-08', 'Garage door needs repair.'),
(23, 'William Carter', '2026-11-20', 'Carpets need replacement.'),
(24, 'Emily Green', '2026-12-15', 'Soil erosion detected in certain areas.'),
(25, 'Lucas Rivera', '2027-01-05', 'Security cameras not functioning.'),
(26, 'Madison Roberts', '2027-02-10', 'Well-maintained property.'),
(27, 'Henry Campbell', '2027-03-18', 'HVAC system running efficiently.'),
(28, 'Ella Mitchell', '2027-04-22', 'Minor cracks in ceiling.'),
(29, 'Jack Gonzalez', '2027-05-25', 'Land suitable for commercial use.'),
(30, 'Lily Perez', '2027-06-10', 'Roof insulation needs replacement.');

INSERT INTO MaintenanceRequests (property_id, tenant_id, request_date, status, details) VALUES
(3, 1, '2025-01-05', 'Pending', 'Leaking kitchen sink.'),
(7, 2, '2025-02-12', 'In Progress', 'HVAC system not working properly.'),
(12, 3, '2025-03-18', 'Completed', 'Replaced broken window in bedroom.'),
(16, 4, '2025-04-20', 'Pending', 'Water heater needs repair.'),
(20, 5, '2025-05-25', 'In Progress', 'Pest control required in basement.'),
(23, 6, '2025-06-15', 'Pending', 'Faulty electrical wiring in the kitchen.'),
(27, 7, '2025-07-08', 'Completed', 'Fixed garage door mechanism.'),
(30, 8, '2025-08-22', 'Pending', 'Roof leakage observed during rain.'),
(5, NULL, '2025-09-10', 'Pending', 'Exterior wall repainting required.'),
(10, NULL, '2025-10-30', 'In Progress', 'Security cameras not functioning properly.'),
(14, NULL, '2025-11-05', 'Completed', 'Landscaping maintenance completed.'),
(18, 9, '2025-12-12', 'Pending', 'Bathroom plumbing issue reported.'),
(22, 10, '2026-01-18', 'Completed', 'Replaced faulty water pipeline.'),
(26, 11, '2026-02-22', 'Pending', 'Repaired broken staircase railing.'),
(29, NULL, '2026-03-30', 'In Progress', 'Parking lot lights need fixing.'),
(6, 12, '2026-04-05', 'Pending', 'Door lock replacement requested.'),
(9, NULL, '2026-05-15', 'Completed', 'Installed new fencing around the property.'),
(13, 13, '2026-06-10', 'Pending', 'Air conditioning unit requires servicing.'),
(17, 14, '2026-07-22', 'In Progress', 'Termite infestation in the wooden flooring.'),
(21, NULL, '2026-08-28', 'Completed', 'New fire alarm system installed.')

-- (3, 15, '2026-05-20', 'Pending', 'Clogged bathroom drain.'),
-- (7, 16, '2026-06-15', 'In Progress', 'Roof leakage in the living room.'),
-- (12, 17, '2026-07-10', 'Completed', 'Repaired HVAC system.'),
-- (16, 18, '2026-08-05', 'Pending', 'Leaking basement pipes.'),
-- (20, 19, '2026-09-15', 'In Progress', 'Electrical wiring short circuit.'),
-- (23, 20, '2026-10-10', 'Pending', 'Repainting required in kitchen.'),
-- (27, 21, '2026-11-12', 'Completed', 'Replaced broken window.'),
-- (30, 22, '2026-12-01', 'Pending', 'Heating system malfunction.'),
-- (5, 23, '2027-01-08', 'Pending', 'Plumbing leak in bathroom.'),
-- (10, 24, '2027-02-14', 'In Progress', 'Security system upgrade needed.'),
-- (14, 25, '2027-03-21', 'Completed', 'Repaired broken fence.'),
-- (18, 26, '2027-04-05', 'Pending', 'Replaced main entrance lock.'),
-- (22, 27, '2027-05-10', 'Completed', 'Fixed garage door issue.'),
-- (26, 28, '2027-06-20', 'Pending', 'Pest control needed in attic.'),
-- (29, 29, '2027-07-15', 'In Progress', 'Water supply issue in kitchen.'),
-- (6, 30, '2027-08-10', 'Pending', 'AC system needs servicing.'),
-- (9, 31, '2027-09-05', 'Completed', 'Fixed front door hinge.'),
-- (13, 32, '2027-10-12', 'Pending', 'Bathroom ventilation problem.'),
-- (17, 33, '2027-11-08', 'In Progress', 'Leaking ceiling in bedroom.'),
-- (21, 34, '2027-12-02', 'Completed', 'New fire alarm system installed.')
;


INSERT INTO LegalDocuments (property_id, document_type, document_text, upload_date) VALUES
(3, 'Lease Agreement', 'Lease agreement for tenant Alice Williams, valid from 2025-01-01 to 2026-01-01.', '2025-01-01'),
(7, 'Lease Agreement', 'Rental contract for Bob Johnson, covering the period 2025-02-01 to 2026-02-01.', '2025-02-10'),
(12, 'Lease Agreement', 'Residential lease agreement signed by Charlie Brown for 12 months.', '2025-03-15'),
(18, 'Ownership Document', 'Title deed confirming ownership transfer to Daniel Stewart.', '2025-04-20'),
(22, 'Ownership Document', 'Property ownership certificate for Victor Martinez.', '2025-05-30'),
(28, 'Ownership Document', 'Official land deed issued for commercial property.', '2025-06-12'),
(5, 'Inspection Report', 'Inspection report for commercial space: No issues found.', '2025-07-08'),
(10, 'Inspection Report', 'Safety compliance inspection report for commercial unit.', '2025-08-14'),
(15, 'Inspection Report', 'Building inspection completed: minor electrical issues noted.', '2025-09-05'),
(20, 'Inspection Report', 'Inspection of structural integrity for property approved.', '2025-10-21'),
(25, 'Other', 'Legal notice regarding property tax assessment for the fiscal year.', '2025-11-11'),
(30, 'Other', 'Environmental impact assessment report submitted.', '2025-12-30');


INSERT INTO Commissions (agent_id, transaction_id, amount) VALUES
(5, 1, 22350.00),
(10, 2, 11850.00),
(15, 3, 26850.00),
(20, 4, 11100.00),
(3, 5, 29850.00),
(8, 6, 44850.00),
(12, 7, 12450.00),
(18, 8, 35850.00),
(1, 9, 38850.00),
(7, 10, 47850.00),
(9, 11, 11940.00),
(2, 12, 26970.00),
(6, 13, 11160.00),
(14, 14, 29910.00),
(19, 15, 44910.00),
(16, 16, 12510.00),
(4, 17, 35910.00),
(11, 18, 38910.00),
(13, 19, 47910.00),
(17, 20, 22380.00),
(5, 21, 11880.00),
(10, 22, 26880.00),
(15, 23, 11130.00),
(20, 24, 29880.00),
(3, 25, 44880.00),
(8, 26, 12480.00),
(12, 27, 35880.00),
(18, 28, 38880.00),
(1, 29, 47880.00),
(7, 30, 22410.00),
(9, 31, 11970.00),
(2, 32, 26970.00),
(6, 33, 11190.00),
(14, 34, 29940.00),
(19, 35, 44940.00),
(16, 36, 12540.00),
(4, 37, 35940.00),
(11, 38, 38940.00),
(13, 39, 47940.00),
(17, 40, 22440.00),
(5, 41, 11910.00),
(10, 42, 26910.00),
(15, 43, 11220.00),
(20, 44, 29970.00),
(3, 45, 44970.00),
(8, 46, 12570.00),
(12, 47, 35970.00),
(18, 48, 38970.00),
(1, 49, 47970.00);


UPDATE LegalDocuments 
SET upload_date= '2025-01-01'
WHERE document_id = 1;

DELETE FROM legaldocuments
WHERE document_id = 13;